{
  "cookies": [
    {
      "name": "BITBUCKETSESSIONID",
      "value": "89408912F9C28798A066F74B175F9019",
      "domain": "stash.maxserv.com",
      "path": "/",
      "expires": 1715332203.297435,
      "httpOnly": true,
      "secure": true,
      "sameSite": "Lax"
    },
    {
      "name": "_atl_bitbucket_remember_me",
      "value": "YzIyYmIyZmQwZTM0ZWZiNWFmMGQ2NDg2Mjk5MmQwNWIyOGQxMmVmODo1YTliMzM3N2E3MWZlMWM3MTk4NmNlNDIxOWIwNmQ1ODBlYzE3MDZl",
      "domain": "stash.maxserv.com",
      "path": "/",
      "expires": 1716714602.297705,
      "httpOnly": true,
      "secure": true,
      "sameSite": "Lax"
    },
    {
      "name": "crowd.token_key",
      "value": "LHCCyDm_-zXDsxqQ25bFBQAAAAAAAIABZnJhbms",
      "domain": ".maxserv.com",
      "path": "/",
      "expires": -1,
      "httpOnly": true,
      "secure": false,
      "sameSite": "Lax"
    }
  ],
  "origins": [
    {
      "origin": "https://stash.maxserv.com",
      "localStorage": [
        {
          "name": "pull-request-~FRANK/stash-copy-buttons-e2e/134-user-frank-last-viewed",
          "value": "{\"timestamp\":1713965205078,\"data\":1713965205078}"
        },
        {
          "name": "user-frank-diff_mode",
          "value": "{\"timestamp\":1714122606053,\"data\":\"UNIFIED\"}"
        },
        {
          "name": "pull-request-~FRANK/stash-copy-buttons-e2e/134-user-frank-change-history-latest-mapje/nogeenmapje/test.js",
          "value": "{\"timestamp\":1713965206933,\"data\":\"820fb199b4235f265b261d33701c8a3e0b207a27\"}"
        },
        {
          "name": "pull-request-~FRANK/stash-copy-buttons-e2e/135-user-frank-last-viewed",
          "value": "{\"timestamp\":1714122605557,\"data\":1714122605557}"
        },
        {
          "name": "draft-pull-request-~FRANK/stash-copy-buttons-e2e/134-user-frank-diff-mapje/nogeenmapje/test.js/EFFECTIVE",
          "value": "{\"timestamp\":1713965207353,\"data\":{\"@@_NO_LINE_@@\":\"Yolo\"}}"
        },
        {
          "name": "pull-request-~FRANK/stash-copy-buttons-e2e/135-user-frank-change-history-latest-mapje/nogeenmapje/test.js",
          "value": "{\"timestamp\":1714122606183,\"data\":\"820fb199b4235f265b261d33701c8a3e0b207a27\"}"
        },
        {
          "name": "user-frank-diff_options",
          "value": "{\"timestamp\":1714122606053,\"data\":{\"alternateDiffColors\":false,\"annotationsChangedLinesOnly\":true,\"showAnnotations\":true,\"showComments\":true,\"showCoverage\":true,\"showEdiff\":true,\"showWhitespace\":true,\"showWhitespaceChars\":false,\"showWordWrap\":true}}"
        },
        {
          "name": "atlassian-analytics.unknown.lock",
          "value": "null"
        },
        {
          "name": "lastCleanup",
          "value": "1713965205103"
        },
        {
          "name": "draft-pull-request-~FRANK/stash-copy-buttons-e2e/135-user-frank-diff-mapje/nogeenmapje/test.js/EFFECTIVE",
          "value": "{\"timestamp\":1714122606550,\"data\":{\"@@_NO_LINE_@@\":\"Yolo\"}}"
        }
      ]
    }
  ]
}