{
    "addons": {
        "{489f6f4d-7b18-4195-8f4e-aeb747669ffa}": {
            "updates": [
                {
                    "version": "1.4.0",
                    "update_link": "https://raw.githubusercontent.com/DerFrenk/stash-copy-buttons/master/artifacts/stash_copy_buttons-1.4.0-an+fx.xpi"
                },
                {
                    "version": "1.4.3",
                    "update_link": "https://raw.githubusercontent.com/DerFrenk/stash-copy-buttons/master/artifacts/stash_copy_buttons-1.4.3-an+fx.xpi"
                },
                {
                    "version": "1.5.0",
                    "update_link": "https://raw.githubusercontent.com/DerFrenk/stash-copy-buttons/master/artifacts/stash_copy_buttons-1.5.0-an+fx.xpi"
                },
                {
                    "version": "1.5.1",
                    "update_link": "https://raw.githubusercontent.com/DerFrenk/stash-copy-buttons/master/artifacts/stash_copy_buttons-1.5.1-an+fx.xpi"
                },
                {
                    "version": "1.5.2",
                    "update_link": "https://raw.githubusercontent.com/DerFrenk/stash-copy-buttons/master/artifacts/stash_copy_buttons-1.5.2-an+fx.xpi"
                },
                {
                    "version": "1.5.3",
                    "update_link": "https://raw.githubusercontent.com/DerFrenk/stash-copy-buttons/master/artifacts/stash_copy_buttons-1.5.3-an+fx.xpi"
                },
                {
                    "version": "1.6.0",
                    "update_link": "https://raw.githubusercontent.com/DerFrenk/stash-copy-buttons/master/artifacts/stash_copy_buttons-1.6.0-an+fx.xpi"
                },
                {
                    "version": "1.7.0",
                    "update_link": "https://raw.githubusercontent.com/DerFrenk/stash-copy-buttons/master/artifacts/stash_copy_buttons-1.7.0-an+fx.xpi"
                },
                {
                    "version": "1.8.0",
                    "update_link": "https://raw.githubusercontent.com/DerFrenk/stash-copy-buttons/master/artifacts/26ef20738e944938b388-1.8.0.xpi"
                },
                {
                    "version": "1.8.1",
                    "update_link": "https://raw.githubusercontent.com/DerFrenk/stash-copy-buttons/master/artifacts/26ef20738e944938b388-1.8.1.xpi"
                },
                {
                    "version": "1.9.0",
                    "update_link": "https://raw.githubusercontent.com/DerFrenk/stash-copy-buttons/master/artifacts/26ef20738e944938b388-1.9.0.xpi"
                }
            ]
        }
    }
}