{
  "cookies": [
    {
      "name": "BITBUCKETSESSIONID",
      "value": "627347DA62D441E3EC6FD2A2A9C87771",
      "domain": "stash.maxserv.com",
      "path": "/",
      "expires": 1662664061.843987,
      "httpOnly": true,
      "secure": true,
      "sameSite": "Lax"
    },
    {
      "name": "_atl_bitbucket_remember_me",
      "value": "YTAyZjliZGJiZDg1ZDRlYzQyOWIyYTZmYmZmYmZmMjYwYTc2OGIwYzozMzQ5MTBhMzYyYjQwM2RmMTljNzI3Y2RiYjk1Y2MyMDZhZjY4ZGMw",
      "domain": "stash.maxserv.com",
      "path": "/",
      "expires": 1664046460.844085,
      "httpOnly": true,
      "secure": true,
      "sameSite": "Lax"
    },
    {
      "name": "crowd.token_key",
      "value": "PdDmuVoXzC44dz_ip4fWzQAAAAAAAIABZnJhbms",
      "domain": ".maxserv.com",
      "path": "/",
      "expires": -1,
      "httpOnly": true,
      "secure": false,
      "sameSite": "Lax"
    }
  ],
  "origins": [
    {
      "origin": "https://stash.maxserv.com",
      "localStorage": [
        {
          "name": "pull-request-~FRANK/stash-copy-buttons-e2e/107-user-frank-last-viewed",
          "value": "{\"timestamp\":1659555851900,\"data\":1659555851900}"
        },
        {
          "name": "draft-pull-request-~FRANK/stash-copy-buttons-e2e/117-user-frank-diff-mapje/nogeenmapje/test.js/EFFECTIVE",
          "value": "{\"timestamp\":1659557739942,\"data\":{\"@@_NO_LINE_@@\":\"Yolo\"}}"
        },
        {
          "name": "pull-request-~FRANK/stash-copy-buttons-e2e/124-user-frank-last-viewed",
          "value": "{\"timestamp\":1659559399880,\"data\":1659559399880}"
        },
        {
          "name": "pull-request-~FRANK/stash-copy-buttons-e2e/126-user-frank-change-history-latest-mapje/nogeenmapje/test.js",
          "value": "{\"timestamp\":1659559510063,\"data\":\"820fb199b4235f265b261d33701c8a3e0b207a27\"}"
        },
        {
          "name": "pull-request-~FRANK/stash-copy-buttons-e2e/120-user-frank-change-history-latest-mapje/nogeenmapje/test.js",
          "value": "{\"timestamp\":1659559015142,\"data\":\"820fb199b4235f265b261d33701c8a3e0b207a27\"}"
        },
        {
          "name": "atlassian-analytics.unknown.lock",
          "value": "null"
        },
        {
          "name": "draft-pull-request-~FRANK/stash-copy-buttons-e2e/127-user-frank-diff-mapje/nogeenmapje/test.js/EFFECTIVE",
          "value": "{\"timestamp\":1660850946505,\"data\":{\"@@_NO_LINE_@@\":\"Yolo\"}}"
        },
        {
          "name": "draft-pull-request-~FRANK/stash-copy-buttons-e2e/104-user-frank-diff-mapje/nogeenmapje/test.js/EFFECTIVE",
          "value": "{\"timestamp\":1659472312648,\"data\":{\"@@_NO_LINE_@@\":\"Yolo\"}}"
        },
        {
          "name": "pull-request-~FRANK/stash-copy-buttons-e2e/121-user-frank-last-viewed",
          "value": "{\"timestamp\":1659559066801,\"data\":1659559066801}"
        },
        {
          "name": "pull-request-~FRANK/stash-copy-buttons-e2e/103-user-frank-last-viewed",
          "value": "{\"timestamp\":1659472244461,\"data\":1659472244461}"
        },
        {
          "name": "pull-request-~FRANK/stash-copy-buttons-e2e/125-user-frank-last-viewed",
          "value": "{\"timestamp\":1659559471241,\"data\":1659559471241}"
        },
        {
          "name": "pull-request-~FRANK/stash-copy-buttons-e2e/113-user-frank-last-viewed",
          "value": "{\"timestamp\":1659556694622,\"data\":1659556694622}"
        },
        {
          "name": "draft-pull-request-~FRANK/stash-copy-buttons-e2e/124-user-frank-diff-mapje/nogeenmapje/test.js/EFFECTIVE",
          "value": "{\"timestamp\":1659559400957,\"data\":{\"@@_NO_LINE_@@\":\"Yolo\"}}"
        },
        {
          "name": "draft-pull-request-~FRANK/stash-copy-buttons-e2e/113-user-frank-diff-mapje/nogeenmapje/test.js/EFFECTIVE",
          "value": "{\"timestamp\":1659556695620,\"data\":{\"@@_NO_LINE_@@\":\"Yolo\"}}"
        },
        {
          "name": "pull-request-~FRANK/stash-copy-buttons-e2e/106-user-frank-last-viewed",
          "value": "{\"timestamp\":1659472512763,\"data\":1659472512763}"
        },
        {
          "name": "pull-request-~FRANK/stash-copy-buttons-e2e/121-user-frank-change-history-latest-mapje/nogeenmapje/test.js",
          "value": "{\"timestamp\":1659559067292,\"data\":\"820fb199b4235f265b261d33701c8a3e0b207a27\"}"
        },
        {
          "name": "pull-request-~FRANK/stash-copy-buttons-e2e/109-user-frank-last-viewed",
          "value": "{\"timestamp\":1659556196828,\"data\":1659556196828}"
        },
        {
          "name": "draft-pull-request-~FRANK/stash-copy-buttons-e2e/114-user-frank-diff-mapje/nogeenmapje/test.js/EFFECTIVE",
          "value": "{\"timestamp\":1659557319565,\"data\":{\"@@_NO_LINE_@@\":\"Yolo\"}}"
        },
        {
          "name": "draft-pull-request-~FRANK/stash-copy-buttons-e2e/131-user-frank-diff-mapje/nogeenmapje/test.js/EFFECTIVE",
          "value": "{\"timestamp\":1661454484828,\"data\":{\"@@_NO_LINE_@@\":\"Yolo\"}}"
        },
        {
          "name": "pull-request-~FRANK/stash-copy-buttons-e2e/113-user-frank-change-history-latest-mapje/nogeenmapje/test.js",
          "value": "{\"timestamp\":1659556695099,\"data\":\"820fb199b4235f265b261d33701c8a3e0b207a27\"}"
        },
        {
          "name": "pull-request-~FRANK/stash-copy-buttons-e2e/127-user-frank-last-viewed",
          "value": "{\"timestamp\":1660850945621,\"data\":1660850945621}"
        },
        {
          "name": "pull-request-~FRANK/stash-copy-buttons-e2e/123-user-frank-last-viewed",
          "value": "{\"timestamp\":1659559273362,\"data\":1659559273362}"
        },
        {
          "name": "user-frank-diff_mode",
          "value": "{\"timestamp\":1661454482304,\"data\":\"UNIFIED\"}"
        },
        {
          "name": "draft-pull-request-~FRANK/stash-copy-buttons-e2e/126-user-frank-diff-mapje/nogeenmapje/test.js/EFFECTIVE",
          "value": "{\"timestamp\":1659559510580,\"data\":{\"@@_NO_LINE_@@\":\"Yolo\"}}"
        },
        {
          "name": "pull-request-~FRANK/stash-copy-buttons-e2e/116-user-frank-change-history-latest-mapje/nogeenmapje/test.js",
          "value": "{\"timestamp\":1659557633564,\"data\":\"820fb199b4235f265b261d33701c8a3e0b207a27\"}"
        },
        {
          "name": "pull-request-~FRANK/stash-copy-buttons-e2e/122-user-frank-change-history-latest-mapje/nogeenmapje/test.js",
          "value": "{\"timestamp\":1659559195783,\"data\":\"820fb199b4235f265b261d33701c8a3e0b207a27\"}"
        },
        {
          "name": "draft-pull-request-~FRANK/stash-copy-buttons-e2e/111-user-frank-diff-mapje/nogeenmapje/test.js/EFFECTIVE",
          "value": "{\"timestamp\":1659556390763,\"data\":{\"@@_NO_LINE_@@\":\"Yolo\"}}"
        },
        {
          "name": "draft-pull-request-~FRANK/stash-copy-buttons-e2e/109-user-frank-diff-mapje/nogeenmapje/test.js/EFFECTIVE",
          "value": "{\"timestamp\":1659556197712,\"data\":{\"@@_NO_LINE_@@\":\"Yolo\"}}"
        },
        {
          "name": "pull-request-~FRANK/stash-copy-buttons-e2e/108-user-frank-last-viewed",
          "value": "{\"timestamp\":1659556029663,\"data\":1659556029663}"
        },
        {
          "name": "draft-pull-request-~FRANK/stash-copy-buttons-e2e/105-user-frank-diff-mapje/nogeenmapje/test.js/EFFECTIVE",
          "value": "{\"timestamp\":1659472448721,\"data\":{\"@@_NO_LINE_@@\":\"Yolo\"}}"
        },
        {
          "name": "draft-pull-request-~FRANK/stash-copy-buttons-e2e/118-user-frank-diff-mapje/nogeenmapje/test.js/EFFECTIVE",
          "value": "{\"timestamp\":1659558112917,\"data\":{\"@@_NO_LINE_@@\":\"Yolo\"}}"
        },
        {
          "name": "pull-request-~FRANK/stash-copy-buttons-e2e/115-user-frank-change-history-latest-mapje/nogeenmapje/test.js",
          "value": "{\"timestamp\":1659557402978,\"data\":\"820fb199b4235f265b261d33701c8a3e0b207a27\"}"
        },
        {
          "name": "pull-request-~FRANK/stash-copy-buttons-e2e/126-user-frank-last-viewed",
          "value": "{\"timestamp\":1659559509637,\"data\":1659559509637}"
        },
        {
          "name": "draft-pull-request-~FRANK/stash-copy-buttons-e2e/120-user-frank-diff-mapje/nogeenmapje/test.js/EFFECTIVE",
          "value": "{\"timestamp\":1659559015653,\"data\":{\"@@_NO_LINE_@@\":\"Yolo\"}}"
        },
        {
          "name": "pull-request-~FRANK/stash-copy-buttons-e2e/123-user-frank-change-history-latest-mapje/nogeenmapje/test.js",
          "value": "{\"timestamp\":1659559274204,\"data\":\"820fb199b4235f265b261d33701c8a3e0b207a27\"}"
        },
        {
          "name": "pull-request-~FRANK/stash-copy-buttons-e2e/131-user-frank-change-history-latest-mapje/nogeenmapje/test.js",
          "value": "{\"timestamp\":1661454484349,\"data\":\"820fb199b4235f265b261d33701c8a3e0b207a27\"}"
        },
        {
          "name": "pull-request-~FRANK/stash-copy-buttons-e2e/114-user-frank-last-viewed",
          "value": "{\"timestamp\":1659557318415,\"data\":1659557318415}"
        },
        {
          "name": "pull-request-~FRANK/stash-copy-buttons-e2e/107-user-frank-change-history-latest-mapje/nogeenmapje/test.js",
          "value": "{\"timestamp\":1659555852326,\"data\":\"820fb199b4235f265b261d33701c8a3e0b207a27\"}"
        },
        {
          "name": "pull-request-~FRANK/stash-copy-buttons-e2e/118-user-frank-last-viewed",
          "value": "{\"timestamp\":1659558111992,\"data\":1659558111992}"
        },
        {
          "name": "draft-pull-request-~FRANK/stash-copy-buttons-e2e/121-user-frank-diff-mapje/nogeenmapje/test.js/EFFECTIVE",
          "value": "{\"timestamp\":1659559067817,\"data\":{\"@@_NO_LINE_@@\":\"Yolo\"}}"
        },
        {
          "name": "draft-pull-request-~FRANK/stash-copy-buttons-e2e/119-user-frank-diff-mapje/nogeenmapje/test.js/EFFECTIVE",
          "value": "{\"timestamp\":1659558522047,\"data\":{\"@@_NO_LINE_@@\":\"Yolo\"}}"
        },
        {
          "name": "pull-request-~FRANK/stash-copy-buttons-e2e/105-user-frank-last-viewed",
          "value": "{\"timestamp\":1659472447837,\"data\":1659472447837}"
        },
        {
          "name": "pull-request-~FRANK/stash-copy-buttons-e2e/104-user-frank-last-viewed",
          "value": "{\"timestamp\":1659472311746,\"data\":1659472311746}"
        },
        {
          "name": "pull-request-~FRANK/stash-copy-buttons-e2e/131-user-frank-last-viewed",
          "value": "{\"timestamp\":1661454482184,\"data\":1661454482183}"
        },
        {
          "name": "pull-request-~FRANK/stash-copy-buttons-e2e/117-user-frank-last-viewed",
          "value": "{\"timestamp\":1659557739085,\"data\":1659557739085}"
        },
        {
          "name": "lastCleanup",
          "value": "1659472244502"
        },
        {
          "name": "draft-pull-request-~FRANK/stash-copy-buttons-e2e/123-user-frank-diff-mapje/nogeenmapje/test.js/EFFECTIVE",
          "value": "{\"timestamp\":1659559274697,\"data\":{\"@@_NO_LINE_@@\":\"Yolo\"}}"
        },
        {
          "name": "pull-request-~FRANK/stash-copy-buttons-e2e/109-user-frank-change-history-latest-mapje/nogeenmapje/test.js",
          "value": "{\"timestamp\":1659556197208,\"data\":\"820fb199b4235f265b261d33701c8a3e0b207a27\"}"
        },
        {
          "name": "draft-pull-request-~FRANK/stash-copy-buttons-e2e/106-user-frank-diff-mapje/nogeenmapje/test.js/EFFECTIVE",
          "value": "{\"timestamp\":1659472513702,\"data\":{\"@@_NO_LINE_@@\":\"Yolo\"}}"
        },
        {
          "name": "pull-request-~FRANK/stash-copy-buttons-e2e/106-user-frank-change-history-latest-mapje/nogeenmapje/test.js",
          "value": "{\"timestamp\":1659472513175,\"data\":\"820fb199b4235f265b261d33701c8a3e0b207a27\"}"
        },
        {
          "name": "pull-request-~FRANK/stash-copy-buttons-e2e/125-user-frank-change-history-latest-mapje/nogeenmapje/test.js",
          "value": "{\"timestamp\":1659559471623,\"data\":\"820fb199b4235f265b261d33701c8a3e0b207a27\"}"
        },
        {
          "name": "pull-request-~FRANK/stash-copy-buttons-e2e/112-user-frank-change-history-latest-mapje/nogeenmapje/test.js",
          "value": "{\"timestamp\":1659556608216,\"data\":\"820fb199b4235f265b261d33701c8a3e0b207a27\"}"
        },
        {
          "name": "pull-request-~FRANK/stash-copy-buttons-e2e/105-user-frank-change-history-latest-mapje/nogeenmapje/test.js",
          "value": "{\"timestamp\":1659472448232,\"data\":\"820fb199b4235f265b261d33701c8a3e0b207a27\"}"
        },
        {
          "name": "pull-request-~FRANK/stash-copy-buttons-e2e/111-user-frank-last-viewed",
          "value": "{\"timestamp\":1659556389887,\"data\":1659556389887}"
        },
        {
          "name": "draft-pull-request-~FRANK/stash-copy-buttons-e2e/103-user-frank-diff-mapje/nogeenmapje/test.js/EFFECTIVE",
          "value": "{\"timestamp\":1659472245344,\"data\":{\"@@_NO_LINE_@@\":\"Yolo\"}}"
        },
        {
          "name": "draft-pull-request-~FRANK/stash-copy-buttons-e2e/112-user-frank-diff-mapje/nogeenmapje/test.js/EFFECTIVE",
          "value": "{\"timestamp\":1659556608720,\"data\":{\"@@_NO_LINE_@@\":\"Yolo\"}}"
        },
        {
          "name": "pull-request-~FRANK/stash-copy-buttons-e2e/111-user-frank-change-history-latest-mapje/nogeenmapje/test.js",
          "value": "{\"timestamp\":1659556390265,\"data\":\"820fb199b4235f265b261d33701c8a3e0b207a27\"}"
        },
        {
          "name": "pull-request-~FRANK/stash-copy-buttons-e2e/119-user-frank-last-viewed",
          "value": "{\"timestamp\":1659558521048,\"data\":1659558521048}"
        },
        {
          "name": "pull-request-~FRANK/stash-copy-buttons-e2e/119-user-frank-change-history-latest-mapje/nogeenmapje/test.js",
          "value": "{\"timestamp\":1659558521539,\"data\":\"820fb199b4235f265b261d33701c8a3e0b207a27\"}"
        },
        {
          "name": "draft-pull-request-~FRANK/stash-copy-buttons-e2e/107-user-frank-diff-mapje/nogeenmapje/test.js/EFFECTIVE",
          "value": "{\"timestamp\":1659555852847,\"data\":{\"@@_NO_LINE_@@\":\"Yolo\"}}"
        },
        {
          "name": "pull-request-~FRANK/stash-copy-buttons-e2e/118-user-frank-change-history-latest-mapje/nogeenmapje/test.js",
          "value": "{\"timestamp\":1659558112387,\"data\":\"820fb199b4235f265b261d33701c8a3e0b207a27\"}"
        },
        {
          "name": "draft-pull-request-~FRANK/stash-copy-buttons-e2e/122-user-frank-diff-mapje/nogeenmapje/test.js/EFFECTIVE",
          "value": "{\"timestamp\":1659559196283,\"data\":{\"@@_NO_LINE_@@\":\"Yolo\"}}"
        },
        {
          "name": "pull-request-~FRANK/stash-copy-buttons-e2e/114-user-frank-change-history-latest-mapje/nogeenmapje/test.js",
          "value": "{\"timestamp\":1659557319069,\"data\":\"820fb199b4235f265b261d33701c8a3e0b207a27\"}"
        },
        {
          "name": "draft-pull-request-~FRANK/stash-copy-buttons-e2e/115-user-frank-diff-mapje/nogeenmapje/test.js/EFFECTIVE",
          "value": "{\"timestamp\":1659557403461,\"data\":{\"@@_NO_LINE_@@\":\"Yolo\"}}"
        },
        {
          "name": "pull-request-~FRANK/stash-copy-buttons-e2e/120-user-frank-last-viewed",
          "value": "{\"timestamp\":1659559014726,\"data\":1659559014726}"
        },
        {
          "name": "pull-request-~FRANK/stash-copy-buttons-e2e/103-user-frank-change-history-latest-mapje/nogeenmapje/test.js",
          "value": "{\"timestamp\":1659472244858,\"data\":\"820fb199b4235f265b261d33701c8a3e0b207a27\"}"
        },
        {
          "name": "user-frank-diff_options",
          "value": "{\"timestamp\":1661454482304,\"data\":{\"alternateDiffColors\":false,\"annotationsChangedLinesOnly\":true,\"showAnnotations\":true,\"showComments\":true,\"showCoverage\":true,\"showEdiff\":true,\"showWhitespace\":true,\"showWhitespaceChars\":false,\"showWordWrap\":true}}"
        },
        {
          "name": "pull-request-~FRANK/stash-copy-buttons-e2e/115-user-frank-last-viewed",
          "value": "{\"timestamp\":1659557402547,\"data\":1659557402547}"
        },
        {
          "name": "draft-pull-request-~FRANK/stash-copy-buttons-e2e/108-user-frank-diff-mapje/nogeenmapje/test.js/EFFECTIVE",
          "value": "{\"timestamp\":1659556030701,\"data\":{\"@@_NO_LINE_@@\":\"Yolo\"}}"
        },
        {
          "name": "pull-request-~FRANK/stash-copy-buttons-e2e/117-user-frank-change-history-latest-mapje/nogeenmapje/test.js",
          "value": "{\"timestamp\":1659557739446,\"data\":\"820fb199b4235f265b261d33701c8a3e0b207a27\"}"
        },
        {
          "name": "pull-request-~FRANK/stash-copy-buttons-e2e/112-user-frank-last-viewed",
          "value": "{\"timestamp\":1659556607824,\"data\":1659556607824}"
        },
        {
          "name": "draft-pull-request-~FRANK/stash-copy-buttons-e2e/116-user-frank-diff-mapje/nogeenmapje/test.js/EFFECTIVE",
          "value": "{\"timestamp\":1659557634048,\"data\":{\"@@_NO_LINE_@@\":\"Yolo\"}}"
        },
        {
          "name": "pull-request-~FRANK/stash-copy-buttons-e2e/104-user-frank-change-history-latest-mapje/nogeenmapje/test.js",
          "value": "{\"timestamp\":1659472312152,\"data\":\"820fb199b4235f265b261d33701c8a3e0b207a27\"}"
        },
        {
          "name": "pull-request-~FRANK/stash-copy-buttons-e2e/124-user-frank-change-history-latest-mapje/nogeenmapje/test.js",
          "value": "{\"timestamp\":1659559400448,\"data\":\"820fb199b4235f265b261d33701c8a3e0b207a27\"}"
        },
        {
          "name": "draft-pull-request-~FRANK/stash-copy-buttons-e2e/125-user-frank-diff-mapje/nogeenmapje/test.js/EFFECTIVE",
          "value": "{\"timestamp\":1659559472133,\"data\":{\"@@_NO_LINE_@@\":\"Yolo\"}}"
        },
        {
          "name": "pull-request-~FRANK/stash-copy-buttons-e2e/116-user-frank-last-viewed",
          "value": "{\"timestamp\":1659557633156,\"data\":1659557633156}"
        },
        {
          "name": "pull-request-~FRANK/stash-copy-buttons-e2e/127-user-frank-change-history-latest-mapje/nogeenmapje/test.js",
          "value": "{\"timestamp\":1660850946016,\"data\":\"820fb199b4235f265b261d33701c8a3e0b207a27\"}"
        },
        {
          "name": "pull-request-~FRANK/stash-copy-buttons-e2e/108-user-frank-change-history-latest-mapje/nogeenmapje/test.js",
          "value": "{\"timestamp\":1659556030197,\"data\":\"820fb199b4235f265b261d33701c8a3e0b207a27\"}"
        },
        {
          "name": "pull-request-~FRANK/stash-copy-buttons-e2e/122-user-frank-last-viewed",
          "value": "{\"timestamp\":1659559195285,\"data\":1659559195285}"
        }
      ]
    }
  ]
}