{
  "cookies": [
    {
      "name": "BITBUCKETSESSIONID",
      "value": "251A67FEA8611899D917ADF30F1F15F6",
      "domain": "stash.maxserv.com",
      "path": "/",
      "expires": 1702632355.828031,
      "httpOnly": true,
      "secure": true,
      "sameSite": "Lax"
    },
    {
      "name": "crowd.token_key",
      "value": "_gAGjKQHgddhjLDYBUCkHQAAAAAAAIABZnJhbms",
      "domain": ".maxserv.com",
      "path": "/",
      "expires": -1,
      "httpOnly": true,
      "secure": false,
      "sameSite": "Lax"
    },
    {
      "name": "_atl_bitbucket_remember_me",
      "value": "YTE3ZGI1Y2QzNTU5ZTZkODQyYTlmZTliZTBlZTQwOWQ3MDU0MDk2NDo5MmMxMzc0MWVkZmQzYzIyMzlmOTY5ZTYzZGVhNDQ5MjE4ZTE0YjAx",
      "domain": "stash.maxserv.com",
      "path": "/",
      "expires": 1704014756.691057,
      "httpOnly": true,
      "secure": true,
      "sameSite": "Lax"
    }
  ],
  "origins": [
    {
      "origin": "https://stash.maxserv.com",
      "localStorage": [
        {
          "name": "user-frank-diff_mode",
          "value": "{\"timestamp\":1701422860151,\"data\":\"UNIFIED\"}"
        },
        {
          "name": "draft-pull-request-~FRANK/stash-copy-buttons-e2e/133-user-frank-diff-mapje/nogeenmapje/test.js/EFFECTIVE",
          "value": "{\"timestamp\":1701422860812,\"data\":{\"@@_NO_LINE_@@\":\"Yolo\"}}"
        },
        {
          "name": "pull-request-~FRANK/stash-copy-buttons-e2e/132-user-frank-last-viewed",
          "value": "{\"timestamp\":1701422759364,\"data\":1701422759364}"
        },
        {
          "name": "user-frank-diff_options",
          "value": "{\"timestamp\":1701422860151,\"data\":{\"alternateDiffColors\":false,\"annotationsChangedLinesOnly\":true,\"showAnnotations\":true,\"showComments\":true,\"showCoverage\":true,\"showEdiff\":true,\"showWhitespace\":true,\"showWhitespaceChars\":false,\"showWordWrap\":true}}"
        },
        {
          "name": "atlassian-analytics.unknown.lock",
          "value": "null"
        },
        {
          "name": "draft-pull-request-~FRANK/stash-copy-buttons-e2e/132-user-frank-diff-mapje/nogeenmapje/test.js/EFFECTIVE",
          "value": "{\"timestamp\":1701422760057,\"data\":{\"@@_NO_LINE_@@\":\"Yolo\"}}"
        },
        {
          "name": "lastCleanup",
          "value": "1701422759399"
        },
        {
          "name": "pull-request-~FRANK/stash-copy-buttons-e2e/132-user-frank-change-history-latest-mapje/nogeenmapje/test.js",
          "value": "{\"timestamp\":1701422759710,\"data\":\"820fb199b4235f265b261d33701c8a3e0b207a27\"}"
        },
        {
          "name": "pull-request-~FRANK/stash-copy-buttons-e2e/133-user-frank-last-viewed",
          "value": "{\"timestamp\":1701422860068,\"data\":1701422860068}"
        },
        {
          "name": "pull-request-~FRANK/stash-copy-buttons-e2e/133-user-frank-change-history-latest-mapje/nogeenmapje/test.js",
          "value": "{\"timestamp\":1701422860464,\"data\":\"820fb199b4235f265b261d33701c8a3e0b207a27\"}"
        }
      ]
    }
  ]
}